gene_id,01,02,03,04,05,06,07,08,09,10,11,12,13,14,15,16,17,19,20
IFT27,0,0,0,0,0,0,0,0,0,0,0,0,0,0,0,0,0,0,0
DRICH1,0,0,0,0,0,0,0,0,0,0,0,0,0,0,0,0,0,0,0
CRKL,0,0,0,0,0,0,0,0,0,0,0,0,0,0,0,0,0,0,0
LOC100996342,0,0,0,0,0,0,0,0,0,0,0,0,0,0,0,0,0,0,0
MIR130B,0,0,0,0,0,0,0,0,0,0,0,0,0,0,0,0,0,0,0
SBF1,0,0,0,0,0,0,0,0,0,0,0,0,0,0,0,0,0,0,0
KIAA1656,0,0,0,0,0,0,0,0,0,0,0,0,0,0,0,0,0,0,0
PMM1,0,0,0,0,0,0,0,0,0,0,0,0,0,0,0,0,0,0,0
MIAT,0,0,0,0,0,0,0,0,0,0,0,0,0,0,0,0,0,0,0
LOC101929374,0,0,0,0,0,0,0,0,0,0,0,0,0,0,0,0,0,0,0
LOC100128531,0,0,0,0,0,0,0,0,0,0,0,0,0,0,0,0,0,0,0
LOC101929372,0,0,0,0,0,0,0,1,0,0,0,0,0,0,0,0,0,0,0
RTN4R,0,0,0,0,0,0,0,0,0,0,0,0,0,0,0,0,0,0,0
MEI1,0,0,0,0,0,0,0,0,0,0,0,0,0,0,0,0,0,0,0
MIR6889,0,0,0,0,0,0,0,0,0,0,0,0,0,0,0,0,0,0,0
GSC2,307,365,447,360,521,371,388,391,392,462,392,375,391,380,320,320,424,367,283
IL2RB,0,0,0,0,0,0,0,0,0,0,0,0,0,0,0,0,0,0,0
LOC400927,0,0,0,0,0,0,0,0,0,0,0,0,0,0,0,0,0,0,0
TMEM184B,0,0,0,0,0,0,0,0,0,0,0,0,0,0,0,0,0,0,0
SCARF2,0,0,0,0,0,0,0,0,0,0,0,0,0,0,0,0,0,0,0
LINC00229,0,0,0,0,0,0,0,0,0,0,0,0,0,0,0,0,0,0,0
LINC00634,0,0,0,0,0,0,0,0,0,0,0,0,0,0,0,0,0,0,0
IGLL3P,0,0,0,0,0,0,0,0,0,0,0,0,0,0,0,0,0,0,0
PPIL2,0,0,0,0,0,0,0,0,0,0,0,0,0,0,0,0,0,0,0
CCDC116,0,0,0,0,0,0,0,0,0,0,0,0,0,0,0,0,0,0,0
LINC01310,0,0,0,0,0,0,0,0,0,0,0,0,0,0,0,0,0,0,0
LINC01311,0,0,0,0,0,0,0,0,0,0,0,0,0,0,0,0,0,0,0
RHBDD3,0,0,0,0,0,0,0,0,0,0,0,0,0,0,0,0,0,0,0
CCDC117,0,0,0,0,0,0,0,0,0,0,0,0,0,0,0,0,0,0,0
RASL10A,0,0,0,0,0,0,0,0,0,0,0,0,0,0,0,0,0,0,0
ATP6V1E1,1724,1514,1786,1768,1756,1697,2014,1995,1797,1650,1926,1420,1866,1789,1862,2065,1763,1895,1765
LOC388849,0,0,0,0,0,0,0,0,0,0,0,0,0,0,0,0,0,0,0
MYO18B,0,0,0,0,0,0,0,0,0,0,0,0,0,0,0,0,0,0,0
SMC1B,0,0,0,0,0,0,0,0,0,0,0,0,0,0,0,0,0,0,0
MIR6816,0,0,0,0,0,0,0,0,0,0,0,0,0,0,0,0,0,0,0
MIR6817,0,0,0,0,0,0,0,0,0,0,0,0,0,0,0,0,0,0,0
LARGE-AS1,0,0,0,0,0,0,0,0,0,0,0,0,0,0,0,0,0,0,0
MIR6819,0,0,0,0,0,0,0,0,0,0,0,0,0,0,0,0,0,0,0
VPREB1,0,0,0,0,0,0,0,0,0,0,0,0,0,0,0,0,0,0,0
VPREB3,0,0,0,0,0,0,0,0,0,0,0,0,0,0,0,0,0,0,0
CRYBA4,0,0,0,0,0,0,0,0,0,0,0,0,0,0,0,0,0,0,0
HSCB,0,0,0,0,0,0,0,0,0,0,0,0,0,0,0,0,0,0,0
MIR650,0,0,0,0,0,0,0,0,0,0,0,0,0,0,0,0,0,0,0
POM121L4P,0,0,0,0,0,0,0,0,0,0,0,0,0,0,0,0,0,0,0
SOX10,0,0,0,0,0,0,0,0,0,0,0,0,0,0,0,0,0,0,0
GRAP2,0,0,0,0,0,0,0,0,0,0,0,0,0,0,0,0,0,0,0
DGCR6L,0,0,0,0,0,0,0,0,0,0,3,0,0,0,0,0,8,0,0
NF2,0,0,0,0,0,0,0,0,0,0,0,0,0,0,0,0,0,0,0
LINC00528,0,0,0,0,0,0,0,0,0,0,0,0,0,0,0,0,0,0,0
GGTLC2,0,0,0,0,0,0,0,0,0,0,0,0,0,0,0,0,0,0,0
MIR4762,0,0,0,0,0,0,0,0,0,0,0,0,0,0,0,0,0,0,0
MIR4763,0,0,0,0,0,0,0,0,0,0,0,0,0,0,0,0,0,0,0
MIR4761,0,0,0,0,0,0,0,0,0,0,0,0,0,0,0,0,0,0,0
MIR4766,0,0,0,0,0,0,0,0,0,0,0,0,0,0,0,0,0,0,0
MIR4764,0,0,0,0,0,0,0,0,0,0,0,0,0,0,0,0,0,0,0
SAMM50,0,0,0,0,0,0,0,0,0,0,0,0,0,0,0,0,0,0,0
PPARA,0,0,0,0,0,0,0,0,0,0,0,0,0,0,0,0,0,0,0
CBY1,0,0,0,0,0,0,0,0,0,0,0,0,0,0,0,0,0,0,0
RPL23AP82,0,0,0,0,0,0,0,0,0,0,0,0,0,0,0,0,0,0,0
SULT4A1,0,0,0,0,0,0,0,0,0,0,0,0,0,0,0,0,0,0,0
ZNRF3,0,0,0,0,0,0,0,0,0,0,0,0,0,0,0,0,0,0,0
MB,0,0,0,0,0,0,0,0,0,0,0,0,0,0,0,0,0,0,0
PISD,0,0,0,0,0,0,0,0,0,0,0,0,0,0,0,0,0,0,0
ZDHHC8,0,0,0,0,0,0,0,0,0,0,0,0,0,0,0,0,0,0,0
TCN2,0,0,0,0,0,0,0,0,0,0,0,0,0,0,0,0,0,0,0
C22orf29,0,0,0,0,0,0,0,0,0,0,0,0,0,0,0,0,0,0,0
TUBA3FP,0,0,0,0,0,0,0,0,0,0,0,0,0,0,0,0,0,0,0
TTC38,0,0,0,0,0,0,0,0,0,0,0,0,0,0,0,0,0,0,0
C22orf24,0,0,0,0,0,0,0,0,0,0,0,0,0,0,0,0,0,0,0
RFPL1S,0,0,0,0,0,0,0,0,0,0,0,0,0,0,0,0,0,0,0
GUSBP11,0,0,0,0,0,0,0,0,0,0,0,0,0,0,0,0,0,0,0
MIR7109,0,0,0,0,0,0,0,0,0,0,0,0,0,0,0,0,0,0,0
KLHL22,0,0,0,0,0,0,0,0,0,0,0,0,0,0,0,0,0,0,0
CCT8L2,240,294,331,299,244,309,244,189,257,227,251,307,290,275,285,176,190,342,250
SERHL2,0,0,0,0,0,0,0,0,0,0,0,0,0,0,0,0,0,0,0
MIOX,0,0,0,0,0,0,0,0,0,0,0,0,0,0,0,0,0,0,0
FAM230B,0,0,0,0,0,0,0,0,0,0,0,0,0,0,0,0,0,0,0
P2RX6P,0,0,0,0,0,0,0,0,0,0,0,0,0,0,0,0,0,0,0
LOC101928891,0,0,0,0,0,0,0,0,0,0,0,0,0,0,0,0,0,0,0
HIC2,0,0,0,0,0,0,0,0,0,0,0,0,0,0,0,0,0,0,0
PRAME,0,0,0,0,0,0,0,0,0,0,0,0,0,0,0,0,0,0,0
DDTL,0,0,0,0,0,0,0,0,0,0,0,0,0,0,0,0,0,0,0
TTC28-AS1,0,0,0,0,0,0,0,0,0,0,0,0,0,0,0,0,0,0,0
CHKB-CPT1B,0,0,0,0,0,0,0,0,0,0,0,0,0,0,0,0,0,0,0
PARVB,0,0,0,0,0,0,0,0,0,0,0,0,0,0,0,0,0,0,0
LOC101929539,0,0,0,0,0,0,0,0,0,0,0,0,0,0,0,0,0,0,0
PARVG,0,0,0,0,0,0,0,0,0,0,0,0,0,0,0,0,0,0,0
TUG1,0,0,0,0,0,0,0,0,0,0,0,0,0,0,0,0,0,0,0
MIR1249,0,0,0,0,0,0,0,0,0,0,0,0,0,0,0,0,0,0,0
ARVCF,0,0,0,0,0,0,0,0,0,0,0,0,0,0,0,0,0,0,0
MCAT,0,0,0,0,0,0,0,0,0,0,0,0,0,0,0,0,0,0,0
ALG12,0,0,0,0,0,0,0,0,0,0,0,0,0,0,0,0,0,0,0
NIPSNAP1,0,0,0,0,0,0,0,0,0,0,0,0,0,0,0,0,0,0,0
APOBEC3H,0,0,0,0,0,0,0,0,0,0,0,0,0,0,0,0,0,0,0
TRIOBP,0,0,0,0,0,0,0,0,0,0,0,0,0,0,0,0,0,0,0
MICALL1,0,0,0,0,0,0,0,0,0,0,0,0,0,0,0,0,0,0,0
APOBEC3D,0,0,0,0,0,0,0,0,0,0,0,0,0,0,0,0,0,0,0
APOBEC3G,0,0,0,0,0,0,0,0,0,0,0,0,0,0,0,0,0,0,0
APOBEC3F,0,0,0,0,0,0,0,0,0,0,0,0,0,0,0,0,0,0,0
APOBEC3A,0,0,0,0,0,0,0,0,0,0,0,0,0,0,0,0,0,0,0
APOBEC3C,0,0,0,0,0,0,0,0,0,0,0,0,0,0,0,0,0,0,0
APOBEC3B,0,0,0,0,0,0,0,0,0,0,0,0,0,0,0,0,0,0,0
SSTR3,0,0,0,0,0,0,0,0,0,0,0,0,0,0,0,0,0,0,0
BPIFC,0,0,0,0,0,0,0,0,0,0,0,0,0,0,0,0,0,0,0
CDC45,2040,2215,1931,2492,2094,1987,2303,2161,2332,1959,2353,2270,2330,1952,2314,2262,2408,2304,2210
TUBGCP6,0,0,0,0,0,0,0,0,0,0,0,0,0,0,0,0,0,0,0
CES5AP1,0,0,0,0,0,0,0,0,0,0,0,0,0,0,0,0,0,0,0
MORC2,0,0,0,0,0,0,0,0,0,0,0,0,0,0,0,0,0,0,0
GSTT2,0,0,0,0,0,0,0,0,0,0,0,0,0,0,0,0,0,0,0
TOM1,0,0,0,0,0,0,0,0,0,0,0,0,0,0,0,0,0,0,0
EMID1,0,0,0,0,0,0,0,0,0,0,0,0,0,0,0,0,0,0,0
FAM109B,0,0,0,0,0,0,0,0,0,0,0,0,0,0,0,0,0,0,0
MIR301B,0,0,0,0,0,0,0,0,0,0,0,0,0,0,0,0,0,0,0
MIR3653,0,0,0,0,0,0,0,0,0,0,0,0,0,0,0,0,0,0,0
DDX17,0,0,0,0,0,0,0,0,0,0,0,0,0,0,0,0,0,0,0
MIR4535,0,0,0,0,0,0,0,0,0,0,0,0,0,0,0,0,0,0,0
MIR4534,0,0,0,0,0,0,0,0,0,0,0,0,0,0,0,0,0,0,0
TOB2,0,0,0,0,0,0,0,0,0,0,0,0,0,0,0,0,0,0,0
RTDR1,0,0,0,0,0,0,0,0,0,0,0,0,0,0,0,0,0,0,0
POTEH,609,542,843,607,497,766,537,847,572,678,164,155,107,190,165,157,141,120,207
APOL6,0,0,0,0,0,0,0,0,0,0,0,0,0,0,0,0,0,0,0
APOL5,0,0,0,0,0,0,0,0,0,0,0,0,0,0,0,0,0,0,0
APOL4,0,0,0,0,0,0,0,0,0,0,0,0,0,0,0,0,0,0,0
APOL3,0,0,0,0,0,0,0,0,0,0,0,0,0,0,0,0,0,0,0
APOL2,0,0,0,0,0,0,0,0,0,0,0,0,0,0,0,0,0,0,0
APOL1,0,0,0,0,0,0,0,0,0,0,0,0,0,0,0,0,0,0,0
TTLL1,0,0,0,0,0,0,0,0,0,0,0,0,0,0,0,0,0,0,0
EP300-AS1,0,0,0,0,0,0,0,0,0,0,0,0,0,0,0,0,0,0,0
FBXW4P1,0,0,0,0,0,0,0,0,0,0,0,0,0,0,0,0,0,0,0
LOC284865,0,0,0,0,0,0,0,0,0,0,0,0,0,0,0,0,0,0,0
CRYBB2,0,0,0,0,0,0,0,0,0,0,0,0,0,0,0,0,0,0,0
CRYBB3,0,0,0,0,0,0,0,0,0,0,0,0,0,0,0,0,0,0,0
CRYBB1,0,0,0,0,0,0,0,0,0,0,0,0,0,0,0,0,0,0,0
MIR648,3,3,3,7,3,3,13,6,3,3,3,3,3,3,3,3,3,3,11
ASCC2,0,0,0,0,0,0,0,0,0,0,0,0,0,0,0,0,0,0,0
KLHDC7B,0,0,0,0,0,0,0,0,0,0,0,0,0,0,0,0,0,0,0
LOC101929664,0,0,0,0,0,0,0,0,0,0,0,0,0,0,0,0,0,0,0
RNU86,0,0,0,0,0,0,0,0,0,0,0,0,0,0,0,0,0,0,0
ARSA,0,0,0,0,0,0,0,0,0,0,0,0,0,0,0,0,0,0,0
ANKRD62P1-PARP4P3,251,233,286,322,318,299,337,232,365,400,278,315,243,320,312,371,347,264,253
MIR6821,0,0,0,0,0,0,0,0,0,0,0,0,0,0,0,0,0,0,0
MIR6820,0,0,0,0,0,0,0,0,0,0,0,0,0,0,0,0,0,0,0
CERK,0,0,0,0,0,0,0,0,0,0,0,0,0,0,0,0,0,0,0
DNAL4,0,0,0,0,0,0,0,0,0,0,0,0,0,0,0,0,0,0,0
EWSR1,0,0,0,0,0,0,0,0,0,0,0,0,0,0,0,0,0,0,0
GTSE1,0,0,0,0,0,0,0,0,0,0,0,0,0,0,0,0,0,0,0
LIF,0,0,0,0,0,0,0,0,0,0,0,0,0,0,0,0,0,0,0
LINC00896,0,0,0,0,0,0,0,0,0,0,0,0,0,0,0,0,0,0,0
LINC00895,336,317,299,523,246,395,288,344,291,373,281,396,301,440,272,369,328,347,432
LINC00898,0,0,0,0,0,0,0,0,0,0,0,0,0,0,0,0,0,0,0
LINC00899,0,0,0,0,0,0,0,0,0,0,0,0,0,0,0,0,0,0,0
RIBC2,0,0,0,0,0,0,0,0,0,0,0,0,0,0,0,0,0,0,0
MIF,0,0,0,0,0,0,0,0,0,0,0,0,0,0,0,0,0,0,0
PES1,0,0,0,0,0,0,0,0,0,0,0,0,0,0,0,0,0,0,0
TNRC6B,0,0,0,0,0,0,0,0,0,0,0,0,0,0,0,0,0,0,0
SLC25A18,1380,1376,1383,1370,1291,1282,1136,1345,1190,1269,1216,1393,1270,1115,1234,1508,1126,1077,1201
SLC25A17,0,0,0,0,0,0,0,0,0,0,0,0,0,0,0,0,0,0,0
MFNG,0,0,0,0,0,0,0,0,0,0,0,0,0,0,0,0,0,0,0
FBLN1,0,0,0,0,0,0,0,0,0,0,0,0,0,0,0,0,0,0,0
ENTHD1,0,0,0,0,0,0,0,0,0,0,0,0,0,0,0,0,0,0,0
BCRP2,0,0,0,0,0,0,0,0,0,0,0,0,0,0,0,0,0,0,0
BCRP3,0,0,0,0,0,0,0,0,0,0,0,0,0,0,0,0,0,0,0
EIF3L,0,0,0,0,0,0,0,0,0,0,0,0,0,0,0,0,0,0,0
EIF3D,0,0,0,0,0,0,0,0,0,0,0,0,0,0,0,0,0,0,0
GSTTP1,0,0,0,0,0,0,0,0,0,0,0,0,0,0,0,0,0,0,0
GSTTP2,0,0,0,0,0,0,0,0,0,0,0,0,0,0,0,0,0,0,0
MTMR3,0,0,0,0,0,0,0,0,0,0,0,0,0,0,0,0,0,0,0
NOL12,0,0,0,0,0,0,0,0,0,0,0,0,0,0,0,0,0,0,0
CENPM,0,0,0,0,0,0,0,0,0,0,0,0,0,0,0,0,0,0,0
RIMBP3B,0,0,0,0,0,0,0,0,0,0,0,0,0,0,0,0,0,0,0
RIMBP3C,0,0,0,0,0,0,0,0,0,0,0,0,0,0,0,0,0,0,0
MCHR1,0,0,0,0,0,0,0,0,0,0,0,0,0,0,0,0,0,0,0
KIAA1644,0,0,0,0,0,0,0,0,0,0,0,0,0,0,0,0,0,0,0
CCDC157,0,0,0,0,0,0,0,0,0,0,0,0,0,0,0,0,0,0,0
THOC5,0,0,0,0,0,0,0,0,0,0,0,0,0,0,0,0,0,0,0
SMDT1,0,0,0,0,0,0,0,0,0,0,0,0,0,0,0,0,0,0,0
KIAA0930,0,0,0,0,0,0,0,0,0,0,0,0,0,0,0,0,0,0,0
POM121L9P,0,0,0,0,0,0,0,0,0,0,0,0,0,0,0,0,0,0,0
ZNF280B,0,0,0,0,0,0,0,0,0,0,0,0,0,0,0,0,0,0,0
ZNF280A,0,0,0,0,0,0,0,0,0,0,0,0,0,0,0,0,0,0,0
YDJC,0,0,0,0,0,0,0,0,0,0,0,0,0,0,0,0,0,0,0
MRPL40,112,115,214,173,157,138,235,166,198,226,118,99,164,138,148,196,177,183,152
CYP2D7P,0,0,0,0,0,0,0,0,0,0,0,0,0,0,0,0,0,0,0
XPNPEP3,0,0,0,0,0,0,0,0,0,0,0,0,0,0,0,0,0,0,0
SDC4P,0,0,0,0,0,0,0,0,0,0,0,0,0,0,0,0,0,0,0
CYB5R3,0,0,0,0,0,0,0,0,0,0,0,0,0,0,0,0,0,0,0
CRELD2,0,0,0,0,0,0,0,0,0,0,0,0,0,0,0,0,0,0,0
SNAP29,0,0,0,0,0,0,0,0,0,0,0,0,0,0,0,0,0,0,0
MIR3619,0,0,0,0,0,0,0,0,0,0,0,0,0,0,0,0,0,0,0
MIR3618,0,0,0,0,0,0,0,0,0,0,0,0,0,0,0,0,0,0,0
ARFGAP3,0,0,0,0,0,0,0,0,0,0,0,0,0,0,0,0,0,0,0
MIR6818,0,0,0,0,0,0,0,0,0,0,0,0,0,0,0,0,0,0,0
PDXP,0,0,0,0,0,0,0,0,0,0,0,0,0,0,0,0,0,0,0
TPST2,0,0,0,0,0,0,0,0,0,0,0,0,0,0,0,0,0,0,0
ADSL,0,0,0,0,0,0,0,0,0,0,0,0,0,0,0,0,0,0,0
ADORA2A,0,0,0,0,0,0,0,0,0,0,0,0,0,0,0,0,0,0,0
YPEL1,0,0,0,0,0,0,0,0,0,0,0,0,0,0,0,0,0,0,0
CYP2D6,0,0,0,0,0,0,0,0,0,0,0,0,0,0,0,0,0,0,0
PKDREJ,0,0,0,0,0,0,0,0,0,0,0,0,0,0,0,0,0,0,0
MKL1,0,0,0,0,0,0,0,0,0,0,0,0,0,0,0,0,0,0,0
DERL3,0,0,0,0,0,0,0,0,0,0,0,0,0,0,0,0,0,0,0
SF3A1,0,0,0,0,0,0,0,0,0,0,0,0,0,0,0,0,0,0,0
SDF2L1,0,0,0,0,0,0,0,0,0,0,0,0,0,0,0,0,0,0,0
TXNRD2,0,0,0,0,0,0,0,0,0,0,0,0,0,0,0,0,0,0,0
CLDN5,1867,1876,1696,1643,1625,1817,1993,1725,1705,1806,1888,1851,1792,1935,1774,2018,1483,1846,1808
MIR33A,0,0,0,0,0,0,0,0,0,0,0,0,0,0,0,0,0,0,0
RBX1,0,0,0,0,0,0,0,0,0,0,0,0,0,0,0,0,0,0,0
MIR1306,0,0,0,0,0,0,0,0,0,0,0,0,0,0,0,0,0,0,0
SERPIND1,0,0,0,0,0,0,0,0,0,0,0,0,0,0,0,0,0,0,0
WBP2NL,0,0,0,0,0,0,0,0,0,0,0,0,0,0,0,0,0,0,0
TMEM211,0,0,0,0,0,0,0,0,0,0,0,0,0,0,0,0,0,0,0
LOC102724827,0,0,0,0,0,0,0,0,0,0,0,0,0,0,0,0,0,0,0
DEPDC5,0,0,0,0,0,0,0,0,0,0,0,0,0,0,0,0,0,0,0
GTPBP1,0,0,0,0,0,0,0,0,0,0,0,0,0,0,0,0,0,0,0
SHISA8,0,0,0,0,0,0,0,0,0,0,0,0,0,0,0,0,0,0,0
SEZ6L,0,0,0,0,0,0,0,0,0,0,0,0,0,0,0,0,0,0,0
EFCAB6-AS1,0,0,0,0,0,0,0,0,0,0,0,0,0,0,0,0,0,0,0
ISX,0,0,0,0,0,0,0,0,0,0,0,0,0,0,0,0,0,0,0
PIWIL3,0,0,0,0,0,0,0,0,0,0,0,0,0,0,0,0,0,0,0
PI4KA,0,0,0,0,0,0,0,0,0,0,0,0,0,0,0,0,0,0,0
MIRLET7BHG,0,0,0,0,0,0,0,0,0,0,0,0,0,0,0,0,0,0,0
RFPL1,0,0,0,0,0,0,0,0,0,0,0,0,0,0,0,0,0,0,0
RFPL3,0,0,0,0,0,0,0,0,0,0,0,0,0,0,0,0,0,0,0
RFPL2,0,0,0,0,0,0,0,0,0,0,0,0,0,0,0,0,0,0,0
SH3BP1,0,0,0,0,0,0,0,0,0,0,0,0,0,0,0,0,0,0,0
CBX7,0,0,0,0,0,0,0,0,0,0,0,0,0,0,0,0,0,0,0
CBX6,0,0,0,0,0,0,0,0,0,0,0,0,0,0,0,0,0,0,0
PANX2,0,0,0,0,0,0,0,0,0,0,0,0,0,0,0,0,0,0,0
MMP11,0,0,0,0,0,0,0,0,0,0,0,0,0,0,0,0,0,0,0
GAS2L1,0,0,0,0,0,0,0,0,0,0,0,0,0,0,0,0,0,0,0
LOC101929829,0,0,0,0,0,0,0,0,0,0,0,0,0,0,0,0,0,0,0
MYH9,0,0,0,0,0,0,0,0,0,0,0,0,0,0,0,0,0,0,0
DNAJB7,0,0,0,0,0,0,0,0,0,0,0,0,0,0,0,0,0,0,0
NUP50-AS1,0,0,0,0,0,0,0,0,0,0,0,0,0,0,0,0,0,0,0
LOC391322,0,0,0,0,0,0,0,0,0,0,0,0,0,0,0,0,0,0,0
C22orf39,823,912,912,889,978,882,1034,882,910,1010,928,841,990,874,863,925,825,811,1009
TTC28,0,0,0,0,0,0,0,0,0,0,0,0,0,0,0,0,0,0,0
PVALB,0,0,0,0,0,0,0,0,0,0,0,0,0,0,0,0,0,0,0
C22orf31,0,0,0,0,0,0,0,0,0,0,0,0,0,0,0,0,0,0,0
RANBP1,0,0,0,0,0,0,0,0,0,0,0,0,0,0,0,0,0,0,0
C22orf34,0,0,0,0,0,0,0,0,0,0,0,0,0,0,0,0,0,0,0
H1F0,0,0,0,0,0,0,0,0,0,0,0,0,0,0,0,0,0,0,0
PRR5-ARHGAP8,0,0,0,0,0,0,0,0,0,0,0,0,0,0,0,0,0,0,0
MIR185,0,0,0,0,0,0,0,0,0,0,0,0,0,0,0,0,0,0,0
CELSR1,0,0,0,0,0,0,0,0,0,0,0,0,0,0,0,0,0,0,0
RABL2B,0,0,0,0,0,0,0,0,0,0,0,0,0,0,0,0,0,0,0
TXN2,0,0,0,0,0,0,0,0,0,0,0,0,0,0,0,0,0,0,0
APOBEC3A_B,0,0,0,0,0,0,0,0,0,0,0,0,0,0,0,0,0,0,0
LOC101927257,0,0,0,0,0,0,0,0,0,0,0,0,0,0,0,0,0,0,0
JOSD1,0,0,0,0,0,0,0,0,0,0,0,0,0,0,0,0,0,0,0
EP300,0,0,0,0,0,0,0,0,0,0,0,0,0,0,0,0,0,0,0
TSPO,0,0,0,0,0,0,0,0,0,0,0,0,0,0,0,0,0,0,0
RTCB,0,0,0,0,0,0,0,0,0,0,0,0,0,0,0,0,0,0,0
THAP7,0,0,0,0,0,0,0,0,0,0,0,0,0,0,0,0,0,0,0
TFIP11,0,0,0,0,0,0,0,0,0,0,0,0,0,0,0,0,0,0,0
IGLL1,0,0,0,0,0,0,0,0,0,0,0,0,0,0,0,0,0,0,0
CECR5-AS1,390,428,454,431,333,381,422,452,467,360,533,414,425,345,476,475,449,388,385
IGLL5,0,0,0,0,0,0,0,0,0,0,0,0,0,0,0,0,0,0,0
TANGO2,0,0,0,0,0,0,0,0,0,0,0,0,0,0,0,0,0,0,0
UQCR10,0,0,0,0,0,0,0,0,0,0,0,0,0,0,0,0,0,0,0
SRRD,0,0,0,0,0,0,0,0,0,0,0,0,0,0,0,0,0,0,0
GNB1L,0,0,0,0,0,0,0,0,0,0,0,0,0,0,0,0,0,0,0
SLC5A4,0,0,0,0,0,0,0,0,0,0,0,0,0,0,0,0,0,0,0
GAL3ST1,0,0,0,0,0,0,0,0,0,0,0,0,0,0,0,0,0,0,0
TST,0,0,0,0,0,0,0,0,0,0,0,0,0,0,0,0,0,0,0
DRG1,0,0,0,0,0,0,0,0,0,0,0,0,0,0,0,0,0,0,0
BIK,0,0,0,0,0,0,0,0,0,0,0,0,0,0,0,0,0,0,0
SUN2,0,0,0,0,0,0,0,0,0,0,0,0,0,0,0,0,0,0,0
BID,7961,7693,7835,7731,7228,7989,8321,7668,7716,7671,8533,7631,8307,7569,8075,7973,8355,8769,7981
RGL4,0,0,0,0,0,0,0,0,0,0,0,0,0,0,0,0,0,0,0
YWHAH,0,0,0,0,0,0,0,0,0,0,0,0,0,0,0,0,0,0,0
MED15,0,0,0,0,0,0,0,0,0,0,0,0,0,0,0,0,0,0,0
AP1B1,0,0,0,0,0,0,0,0,0,0,0,0,0,0,0,0,0,0,0
PITPNB,0,0,0,0,0,0,0,0,0,0,0,0,0,0,0,0,0,0,0
MORC2-AS1,0,0,0,0,0,0,0,0,0,0,0,0,0,0,0,0,0,0,0
PACSIN2,0,0,0,0,0,0,0,0,0,0,0,0,0,0,0,0,0,0,0
SPECC1L-ADORA2A,0,0,0,0,0,0,0,0,0,0,0,0,0,0,0,0,0,0,0
RAC2,0,0,0,0,0,0,0,0,0,0,0,0,0,0,0,0,0,0,0
ZC3H7B,0,0,0,0,0,0,0,0,0,0,0,0,0,0,0,0,0,0,0
CDC42EP1,0,0,0,0,0,0,0,0,0,0,0,0,0,0,0,0,0,0,0
CARD10,0,0,0,0,0,0,0,0,0,0,0,0,0,0,0,0,0,0,0
MGAT3,0,0,0,0,0,0,0,0,0,0,0,0,0,0,0,0,0,0,0
SGSM3,0,0,0,0,0,0,0,0,0,0,0,0,0,0,0,0,0,0,0
SGSM1,0,0,0,0,0,0,0,0,0,0,0,0,0,0,0,0,0,0,0
MIRLET7A3,0,0,0,0,0,0,0,0,0,0,0,0,0,0,0,0,0,0,0
FAM227A,0,0,0,0,0,0,0,0,0,0,0,0,0,0,0,0,0,0,0
CYTH4,0,0,0,0,0,0,0,0,0,0,0,0,0,0,0,0,0,0,0
BMS1P20,0,0,0,0,0,0,0,0,0,0,0,0,0,0,0,0,0,0,0
SLC16A8,0,0,0,0,0,0,0,0,0,0,0,0,0,0,0,0,0,0,0
LOC284933,0,0,0,0,0,0,0,0,0,0,0,0,0,0,0,0,0,0,0
TBC1D22A,0,0,0,0,0,0,0,0,0,0,0,0,0,0,0,0,0,0,0
TYMP,0,0,0,0,0,0,0,0,0,0,0,0,0,0,0,0,0,0,0
CACNG2,0,0,0,0,0,0,0,0,0,0,0,0,0,0,0,0,0,0,0
TOP1P2,0,0,0,0,0,0,0,0,0,0,0,0,0,0,0,0,0,0,0
RRP7A,0,0,0,0,0,0,0,0,0,0,0,0,0,0,0,0,0,0,0
RRP7B,0,0,0,0,0,0,0,0,0,0,0,0,0,0,0,0,0,0,0
MIR659,0,0,0,0,0,0,0,0,0,0,0,0,0,0,0,0,0,0,0
MIR658,0,0,0,0,0,0,0,0,0,0,0,0,0,0,0,0,0,0,0
POM121L1P,0,0,0,0,0,0,0,0,0,0,0,0,0,0,0,0,0,0,0
LOC54944,0,0,0,0,0,0,0,0,0,0,0,0,0,0,0,0,0,0,0
TIMP3,0,0,0,0,0,0,0,0,0,0,0,0,0,0,0,0,0,0,0
HSFY1P1,261,504,429,315,339,389,293,384,235,287,434,399,331,254,378,256,264,325,456
POLR3H,0,0,0,0,0,0,0,0,0,0,0,0,0,0,0,0,0,0,0
CACNA1I,0,0,0,0,0,0,0,0,0,0,0,0,0,0,0,0,0,0,0
TMEM191B,0,0,0,0,0,0,0,0,0,0,0,0,0,0,0,0,0,0,0
TMEM191C,0,0,0,0,0,0,0,0,0,0,0,0,0,0,0,0,0,0,0
TMEM191A,0,0,0,0,0,0,0,0,0,0,0,0,0,0,0,0,0,0,0
PLA2G6,0,0,0,0,0,0,0,0,0,0,0,0,0,0,0,0,0,0,0
PLA2G3,0,0,0,0,0,0,0,0,0,0,0,0,0,0,0,0,0,0,0
EIF4ENIF1,0,0,0,0,0,0,0,0,0,0,0,0,0,0,0,0,0,0,0
ADM2,0,0,0,0,0,0,0,0,0,0,0,0,0,0,0,0,0,0,0
KCNJ4,0,0,0,0,0,0,0,0,0,0,0,0,0,0,0,0,0,0,0
TRMU,0,0,0,0,0,0,0,0,0,0,0,0,0,0,0,0,0,0,0
PIK3IP1,0,0,0,0,0,0,0,0,0,0,0,0,0,0,0,0,0,0,0
PEX26,1350,1329,1240,1238,1442,1254,1348,1202,1209,1412,1286,1492,1292,1498,1189,1362,1278,1154,1447
SLC25A1,429,377,474,452,401,459,409,478,503,321,347,395,506,357,350,418,418,490,439
PRR14L,0,0,0,0,0,0,0,0,0,0,0,0,0,0,0,0,0,0,0
LOC101927051,0,0,0,0,0,0,0,0,0,0,0,0,0,0,0,0,0,0,0
SNORD83A,0,0,0,0,0,0,0,0,0,0,0,0,0,0,0,0,0,0,0
PATZ1,0,0,0,0,0,0,0,0,0,0,0,0,0,0,0,0,0,0,0
SNORD83B,0,0,0,0,0,0,0,0,0,0,0,0,0,0,0,0,0,0,0
BRD1,0,0,0,0,0,0,0,0,0,0,0,0,0,0,0,0,0,0,0
SNRPD3,0,0,0,0,0,0,0,0,0,0,0,0,0,0,0,0,0,0,0
HIRA,669,729,799,828,895,686,836,799,731,706,787,771,590,841,820,558,750,751,702
HPS4,0,0,0,0,0,0,0,0,0,0,0,0,0,0,0,0,0,0,0
RNF185,0,0,0,0,0,0,0,0,0,0,0,0,0,0,0,0,0,0,0
SFI1,0,0,0,0,0,0,0,0,0,0,0,0,0,0,0,0,0,0,0
INPP5J,0,0,0,0,0,0,0,0,0,0,0,0,0,0,0,0,0,0,0
GALR3,0,0,0,0,0,0,0,0,0,0,0,0,0,0,0,0,0,0,0
RNF215,0,0,0,0,0,0,0,0,0,0,0,0,0,0,0,0,0,0,0
HDAC10,0,0,0,0,0,0,0,0,0,0,0,0,0,0,0,0,0,0,0
LZTR1,0,0,0,0,0,0,0,0,0,0,0,0,0,0,0,0,0,0,0
CSF2RB,0,0,0,0,0,0,0,0,0,0,0,0,0,0,0,0,0,0,0
MIR6069,0,0,0,0,0,0,0,0,0,0,0,0,0,0,0,0,0,0,0
GAB4,814,609,761,923,720,894,646,640,524,605,794,681,668,564,666,711,567,829,676
KIAA1671,0,0,0,0,0,0,0,0,0,0,0,0,0,0,0,0,0,0,0
LARGE,0,0,0,0,0,0,0,0,0,0,0,0,0,0,0,0,0,0,0
ARHGAP8,0,0,0,0,0,0,0,0,0,0,0,0,0,0,0,0,0,0,0
SEPT5,1561,1228,1316,1354,1590,1484,1763,1561,1465,1723,1704,1125,1491,1439,1498,1406,1568,1138,1215
SEPT3,0,0,0,0,0,0,0,0,0,0,0,0,0,0,0,0,0,0,0
XRCC6,0,0,0,0,0,0,0,0,0,0,0,0,0,0,0,0,0,0,0
PPM1F,0,0,0,0,0,0,0,0,0,0,0,0,0,0,0,0,0,0,0
FLJ41941,87,0,99,102,131,72,120,114,62,67,118,102,126,182,0,94,173,134,120
PNPLA3,0,0,0,0,0,0,0,0,0,0,0,0,0,0,0,0,0,0,0
MAFF,0,0,0,0,0,0,0,0,0,0,0,0,0,0,0,0,0,0,0
PNPLA5,0,0,0,0,0,0,0,0,0,0,0,0,0,0,0,0,0,0,0
POTEH-AS1,0,0,0,0,0,0,0,0,0,0,0,0,0,0,0,0,0,0,0
CHEK2,0,0,0,0,0,0,0,0,0,0,0,0,0,0,0,0,0,0,0
CHKB,0,0,0,0,0,0,0,0,0,0,0,0,0,0,0,0,0,0,0
DDT,0,0,0,0,0,0,0,0,0,0,0,0,0,0,0,0,0,0,0
CCDC134,0,0,0,0,0,0,0,0,0,0,0,0,0,0,0,0,0,0,0
SCUBE1,0,0,0,0,0,0,0,0,0,0,0,0,0,0,0,0,0,0,0
LINC00207,0,0,0,0,0,0,0,0,0,0,0,0,0,0,0,0,0,0,0
RBFOX2,0,0,0,0,0,0,0,0,0,0,0,0,0,0,0,0,0,0,0
GSTT1,0,0,0,0,0,0,0,0,0,0,0,0,0,0,0,0,0,0,0
GNAZ,0,0,0,0,0,0,0,0,0,0,0,0,0,0,0,0,0,0,0
NPTXR,0,0,0,0,0,0,0,0,0,0,0,0,0,0,0,0,0,0,0
PHF5A,0,0,0,0,0,0,0,0,0,0,0,0,0,0,0,0,0,0,0
PRR34,0,0,0,0,0,0,0,0,0,0,0,0,0,0,0,0,0,0,0
SYN3,0,0,0,0,0,0,0,0,0,0,0,0,0,0,0,0,0,0,0
TOP3B,0,0,0,0,0,0,0,0,0,0,0,0,0,0,0,0,0,0,0
C22orf23,0,0,0,0,0,0,0,0,0,0,0,0,0,0,0,0,0,0,0
SEC14L3,0,0,0,0,0,0,0,0,0,0,0,0,0,0,0,0,0,0,0
SEC14L2,0,0,0,0,0,0,0,0,0,0,0,0,0,0,0,0,0,0,0
ODF3B,0,0,0,0,0,0,0,0,0,0,0,0,0,0,0,0,0,0,0
MIR3909,0,0,0,0,0,0,0,0,0,0,0,0,0,0,0,0,0,0,0
SEC14L6,0,0,0,0,0,0,0,0,0,0,0,0,0,0,0,0,0,0,0
SEC14L4,0,0,0,0,0,0,0,0,0,0,0,0,0,0,0,0,0,0,0
TBX1,1951,1827,1867,2102,2108,1876,1897,2169,2042,1978,2022,1909,1680,1958,2176,1917,1740,2184,2109
GTSE1-AS1,0,0,0,0,0,0,0,0,0,0,0,0,0,0,0,0,0,0,0
FBXO7,0,0,0,0,0,0,0,0,0,0,0,0,0,0,0,0,0,0,0
CHCHD10,0,0,0,0,0,0,0,0,0,0,0,0,0,0,0,0,0,0,0
DENND6B,0,0,0,0,0,0,0,0,0,0,0,0,0,0,0,0,0,0,0
BCR,0,0,0,0,0,0,0,0,0,0,0,0,0,0,0,0,0,0,0
CSDC2,0,0,0,0,0,0,0,0,0,0,0,0,0,0,0,0,0,0,0
ZNRF3-AS1,0,0,0,0,0,0,0,0,0,0,0,0,0,0,0,0,0,0,0
MPST,0,0,0,0,0,0,0,0,0,0,0,0,0,0,0,0,0,0,0
CSNK1E,0,0,0,0,0,0,0,0,0,0,0,0,0,0,0,0,0,0,0
NDUFA6,0,0,0,0,0,0,0,0,0,0,0,0,0,0,0,0,0,0,0
TSSK2,0,0,0,0,0,0,0,0,0,0,0,0,0,0,0,0,0,0,0
RIMBP3,0,0,0,0,0,0,0,0,0,0,0,0,0,0,0,0,0,0,0
CDPF1,0,0,0,0,0,0,0,0,0,0,0,0,0,0,0,0,0,0,0
COMT,0,0,0,0,0,0,0,0,0,0,0,0,0,0,0,0,0,0,0
RFPL3S,0,0,0,0,0,0,0,0,0,0,0,0,0,0,0,0,0,0,0
SMTN,0,0,0,0,0,0,0,0,0,0,0,0,0,0,0,0,0,0,0
GUCD1,0,0,0,0,0,0,0,0,0,0,0,0,0,0,0,0,0,0,0
ATXN10,0,0,0,0,0,0,0,0,0,0,0,0,0,0,0,0,0,0,0
LGALS2,0,0,0,0,0,0,0,0,0,0,0,0,0,0,0,0,0,0,0
LGALS1,0,0,0,0,0,0,0,0,0,0,0,0,0,0,0,0,0,0,0
OSBP2,0,0,0,0,0,0,0,0,0,0,0,0,0,0,0,0,0,0,0
NUP50,0,0,0,0,0,0,0,0,0,0,0,0,0,0,0,0,0,0,0
SLC5A1,0,0,0,0,0,0,0,0,0,0,0,0,0,0,0,0,0,0,0
CABP7,0,0,0,0,0,0,0,0,0,0,0,0,0,0,0,0,0,0,0
ZMAT5,0,0,0,0,0,0,0,0,0,0,0,0,0,0,0,0,0,0,0
LMF2,0,0,0,0,0,0,0,0,0,0,0,0,0,0,0,0,0,0,0
ATP5L2,0,0,0,0,0,0,0,0,0,0,0,0,0,0,0,0,0,0,0
HMGXB4,0,0,0,0,0,0,0,0,0,0,0,0,0,0,0,0,0,0,0
LIMK2,0,0,0,0,0,0,0,0,0,0,0,0,0,0,0,0,0,0,0
RNU12,0,0,0,0,0,0,0,0,0,0,0,0,0,0,0,0,0,0,0
NEFH,0,0,0,0,0,0,0,0,0,0,0,0,0,0,0,0,0,0,0
DMC1,0,0,0,0,0,0,0,0,0,0,0,0,0,0,0,0,0,0,0
P2RX6,0,0,0,0,0,0,0,0,0,0,0,0,0,0,0,0,0,0,0
LOC101927526,0,0,0,0,0,0,0,0,0,0,0,0,0,0,0,0,0,0,0
CPT1B,0,0,0,0,0,0,0,0,0,0,0,0,0,0,0,0,0,0,0
SMARCB1,0,0,0,0,0,0,0,0,0,0,0,0,0,0,0,0,0,0,0
LOC648691,0,0,0,0,0,0,0,0,0,0,0,0,0,0,0,0,0,0,0
CHADL,0,0,0,0,0,0,0,0,0,0,0,0,0,0,0,0,0,0,0
MCM5,0,0,0,0,0,0,0,0,0,0,0,0,0,0,0,0,0,0,0
PPP6R2,0,0,0,0,0,0,0,0,0,0,0,0,0,0,0,0,0,0,0
DUSP18,0,0,0,0,0,0,0,0,0,0,0,0,0,0,0,0,0,0,0
MIR548J,0,0,0,0,0,0,0,0,0,0,0,0,0,0,0,0,0,0,0
THAP7-AS1,0,0,0,0,0,0,0,0,0,0,0,0,0,0,0,0,0,0,0
NCAPH2,0,0,0,0,0,0,0,0,0,0,0,0,0,0,0,0,0,0,0
EFCAB6,0,0,0,0,0,0,0,0,0,0,0,0,0,0,0,0,0,0,0
MIR5739,0,0,0,0,0,0,0,0,0,0,0,0,0,0,0,0,0,0,0
MPPED1,0,0,0,0,0,0,0,0,0,0,0,0,0,0,0,0,0,0,0
NFAM1,0,0,0,0,0,0,0,0,0,0,0,0,0,0,0,0,0,0,0
MTFP1,0,0,0,0,0,0,0,0,0,0,0,0,0,0,0,0,0,0,0
A4GALT,0,0,0,0,0,0,0,0,0,0,0,0,0,0,0,0,0,0,0
UFD1L,1091,1182,1003,1163,1077,1036,1253,971,1075,1026,1042,942,1241,1196,1001,1027,1120,1049,1026
MIRLET7B,0,0,0,0,0,0,0,0,0,0,0,0,0,0,0,0,0,0,0
NDUFA6-AS1,0,0,0,0,0,0,0,0,0,0,0,0,0,0,0,0,0,0,0
PRR5,0,0,0,0,0,0,0,0,0,0,0,0,0,0,0,0,0,0,0
SCO2,0,0,0,0,0,0,0,0,0,0,0,0,0,0,0,0,0,0,0
UPB1,0,0,0,0,0,0,0,0,0,0,0,0,0,0,0,0,0,0,0
ZNF70,0,0,0,0,0,0,0,0,0,0,0,0,0,0,0,0,0,0,0
ZNF74,0,0,0,0,0,0,0,0,0,0,0,0,0,0,0,0,0,0,0
DGCR9,958,1051,1198,1031,1111,800,814,934,1065,1059,1131,888,978,965,894,882,832,1056,1183
DGCR8,0,0,0,0,0,0,0,0,0,0,0,0,0,0,0,0,0,0,0
BMS1P18,44,49,86,30,43,48,64,110,114,24,70,76,59,104,25,54,38,43,135
DGCR2,10733,10576,10695,10607,11829,11045,11147,10339,10748,11447,11711,11264,11784,11159,11464,11026,11117,10769,11122
DGCR5,2399,2375,2511,2658,1938,2510,2501,2468,2423,2370,2448,2395,2667,2120,2321,2168,2385,2382,2305
DGCR6,338,392,231,320,374,387,348,316,329,332,841,740,760,538,782,719,842,765,818
SYCE3,0,0,0,0,0,0,0,0,0,0,0,0,0,0,0,0,0,0,0
MICAL3,13275,12993,12816,13815,13291,13322,13100,12908,13097,13130,13092,13315,13608,12891,13298,13229,13511,13006,13869
SUSD2,0,0,0,0,0,0,0,0,0,0,0,0,0,0,0,0,0,0,0
SNORD125,0,0,0,0,0,0,0,0,0,0,0,0,0,0,0,0,0,0,0
FAM19A5,0,0,0,0,0,0,0,0,0,0,0,0,0,0,0,0,0,0,0
LOC284889,0,0,0,0,0,0,0,0,0,0,0,0,0,0,0,0,0,0,0
RANGAP1,0,0,0,0,0,0,0,0,0,0,0,0,0,0,0,0,0,0,0
CRYBB2P1,0,0,0,0,0,0,0,0,0,0,0,0,0,0,0,0,0,0,0
LOC100506271,0,0,0,0,0,0,0,0,0,0,0,0,0,0,0,0,0,0,0
SLC2A11,0,0,0,0,0,0,0,0,0,0,0,0,0,0,0,0,0,0,0
LOC730668,0,0,0,0,0,0,0,0,0,0,0,0,0,0,0,0,0,0,0
ELFN2,0,0,0,0,0,0,0,0,0,0,0,0,0,0,0,0,0,0,0
KCTD17,0,0,0,0,0,0,0,0,0,0,0,0,0,0,0,0,0,0,0
C22orf42,0,0,0,0,0,0,0,0,0,0,0,0,0,0,0,0,0,0,0
C22orf46,0,0,0,0,0,0,0,0,0,0,0,0,0,0,0,0,0,0,0
MIR1281,0,0,0,0,0,0,0,0,0,0,0,0,0,0,0,0,0,0,0
MIR1286,0,0,0,0,0,0,0,0,0,0,0,0,0,0,0,0,0,0,0
L3MBTL2,0,0,0,0,0,0,0,0,0,0,0,0,0,0,0,0,0,0,0
KDELR3,0,0,0,0,0,0,0,0,0,0,0,0,0,0,0,0,0,0,0
IL17REL,0,0,0,0,0,0,0,0,0,0,0,0,0,0,0,0,0,0,0
ASPHD2,0,0,0,0,0,0,0,0,0,0,0,0,0,0,0,0,0,0,0
RASD2,0,0,0,0,0,0,0,0,0,0,0,0,0,0,0,0,0,0,0
ANKRD54,0,0,0,0,0,0,0,0,0,0,0,0,0,0,0,0,0,0,0
SLC7A4,0,0,0,0,0,0,0,0,0,0,0,0,0,0,0,0,0,0,0
RPL3,0,0,0,0,0,0,0,0,0,0,0,0,0,0,0,0,0,0,0
PHF21B,0,0,0,0,0,0,0,0,0,0,0,0,0,0,0,0,0,0,0
SPECC1L,0,0,0,0,0,0,0,0,0,0,0,0,0,0,0,0,0,0,0
UBE2L3,0,0,0,0,0,0,0,0,0,0,0,0,0,0,0,0,0,0,0
TOMM22,0,0,0,0,0,0,0,0,0,0,0,0,0,0,0,0,0,0,0
KREMEN1,0,0,0,0,0,0,0,0,0,0,0,0,0,0,0,0,0,0,0
ADORA2A-AS1,0,0,0,0,0,0,0,0,0,0,0,0,0,0,0,0,0,0,0
ADRBK2,0,0,0,0,0,0,0,0,0,0,0,0,0,0,0,0,0,0,0
LRP5L,0,0,0,0,0,0,0,0,0,0,0,0,0,0,0,0,0,0,0
TRABD,0,0,0,0,0,0,0,0,0,0,0,0,0,0,0,0,0,0,0
LOC400891,0,0,0,0,0,0,0,0,0,0,0,0,0,0,0,0,0,0,0
OSM,0,0,0,0,0,0,0,0,0,0,0,0,0,0,0,0,0,0,0
GRAMD4,0,0,0,0,0,0,0,0,0,0,0,0,0,0,0,0,0,0,0
MIR3928,0,0,0,0,0,0,0,0,0,0,0,0,0,0,0,0,0,0,0
NHP2L1,0,0,0,0,0,0,0,0,0,0,0,0,0,0,0,0,0,0,0
FAM118A,0,0,0,0,0,0,0,0,0,0,0,0,0,0,0,0,0,0,0
MN1,0,0,0,0,0,0,0,0,0,0,0,0,0,0,0,0,0,0,0
GATSL3,0,0,0,0,0,0,0,0,0,0,0,0,0,0,0,0,0,0,0
POLR2F,0,0,0,0,0,0,0,0,0,0,0,0,0,0,0,0,0,0,0
TPTEP1,246,204,212,281,304,271,135,199,209,278,204,252,230,249,228,314,346,179,151
ACO2,0,0,0,0,0,0,0,0,0,0,0,0,0,0,0,0,0,0,0
LOC101929760,0,0,0,0,0,0,0,0,0,0,0,0,0,0,0,0,0,0,0
LOC100130899,0,0,0,0,0,0,0,0,0,0,0,0,0,0,0,0,0,0,0
GSTT2B,0,0,0,0,0,0,0,0,0,0,0,0,0,0,0,0,0,0,0
SERHL,0,0,0,0,0,0,0,0,0,0,0,0,0,0,0,0,0,0,0
GGT3P,305,322,440,348,356,333,425,404,287,404,832,905,943,879,725,904,974,845,916
HMOX1,0,0,0,0,0,0,0,0,0,0,0,0,0,0,0,0,0,0,0
POM121L10P,0,0,0,0,0,0,0,0,0,0,0,0,0,0,0,0,0,0,0
PRODH,2092,2170,1975,2421,1998,1951,2192,2029,2099,2388,1252,1160,1248,1268,1140,1466,1293,1438,1205
CHKB-AS1,0,0,0,0,0,0,0,0,0,0,0,0,0,0,0,0,0,0,0
AIFM3,0,0,0,0,0,0,0,0,0,0,0,0,0,0,0,0,0,0,0
WNT7B,0,0,0,0,0,0,0,0,0,0,0,0,0,0,0,0,0,0,0
IL17RA,2703,2638,2657,2821,2808,2568,2662,2855,2666,2766,2783,2756,2778,2692,2690,2731,2476,2736,2696
TUBA8,821,673,768,557,686,738,775,808,714,886,580,782,948,649,846,576,675,855,815
NCF4,0,0,0,0,0,0,0,0,0,0,0,0,0,0,0,0,0,0,0
NAGA,0,0,0,0,0,0,0,0,0,0,0,0,0,0,0,0,0,0,0
ACR,0,0,0,0,0,0,0,0,0,0,0,0,0,0,0,0,0,0,0
MAPK11,0,0,0,0,0,0,0,0,0,0,0,0,0,0,0,0,0,0,0
MAPK12,0,0,0,0,0,0,0,0,0,0,0,0,0,0,0,0,0,0,0
MIR3200,0,0,0,0,0,0,0,0,0,0,0,0,0,0,0,0,0,0,0
MIR3201,0,0,0,0,0,0,0,0,0,0,0,0,0,0,0,0,0,0,0
POLDIP3,0,0,0,0,0,0,0,0,0,0,0,0,0,0,0,0,0,0,0
BAIAP2L2,0,0,0,0,0,0,0,0,0,0,0,0,0,0,0,0,0,0,0
TEF,0,0,0,0,0,0,0,0,0,0,0,0,0,0,0,0,0,0,0
GP1BB,1,7,5,4,3,9,1,7,7,1,2,1,7,2,1,1,4,3,3
MAPK1,0,0,0,0,0,0,0,0,0,0,0,0,0,0,0,0,0,0,0
LOC90834,0,0,0,0,0,0,0,0,0,0,0,0,0,0,0,0,0,0,0
TCF20,0,0,0,0,0,0,0,0,0,0,0,0,0,0,0,0,0,0,0
PI4KAP1,0,0,0,0,0,0,0,0,0,0,0,0,0,0,0,0,0,0,0
PI4KAP2,0,0,0,0,0,0,0,0,0,0,0,0,0,0,0,0,0,0,0
CECR1,4045,3943,3500,3515,3461,3610,3762,3546,3930,3325,5335,5345,5015,5557,6016,5322,5922,5384,5338
CECR2,3401,3141,3399,3427,3445,3381,3438,3509,3258,3652,3370,3366,3152,2964,3015,3118,3344,3536,3159
CECR3,1255,1202,1090,1005,1186,1162,1228,1029,860,1012,905,991,1142,1114,1105,1041,1078,1027,1017
CECR5,1313,1591,1466,1530,1547,1414,1333,1288,1690,1470,1486,1283,1355,1456,1433,1730,1231,1289,1376
CECR6,2980,3335,3295,3549,3336,3584,3290,3576,3149,3156,3575,3113,2970,3044,3431,3029,3385,3450,3295
CECR7,876,681,953,620,971,962,1086,709,811,897,719,765,651,801,699,900,760,747,719
GGA1,0,0,0,0,0,0,0,0,0,0,0,0,0,0,0,0,0,0,0
OR11H1,380,421,301,424,378,472,448,330,394,393,64,104,35,93,235,91,126,99,112
GCAT,0,0,0,0,0,0,0,0,0,0,0,0,0,0,0,0,0,0,0
LDOC1L,0,0,0,0,0,0,0,0,0,0,0,0,0,0,0,0,0,0,0
TNFRSF13C,0,0,0,0,0,0,0,0,0,0,0,0,0,0,0,0,0,0,0
MAPK8IP2,0,0,0,0,0,0,0,0,0,0,0,0,0,0,0,0,0,0,0
APOBEC3B-AS1,0,0,0,0,0,0,0,0,0,0,0,0,0,0,0,0,0,0,0
XKR3,217,386,444,381,509,444,365,368,256,314,370,315,341,371,344,401,378,283,492
SYNGR1,0,0,0,0,0,0,0,0,0,0,0,0,0,0,0,0,0,0,0
MIR3199-1,0,0,0,0,0,0,0,0,0,0,0,0,0,0,0,0,0,0,0
MIR3199-2,0,0,0,0,0,0,0,0,0,0,0,0,0,0,0,0,0,0,0
PICK1,0,0,0,0,0,0,0,0,0,0,0,0,0,0,0,0,0,0,0
MIR3198-1,46,46,50,13,91,44,25,9,40,17,22,43,46,45,18,18,45,23,39
SREBF2,0,0,0,0,0,0,0,0,0,0,0,0,0,0,0,0,0,0,0
AP1B1P1,0,0,0,0,0,0,0,0,0,0,0,0,0,0,0,0,0,0,0
SNORD43,0,0,0,0,0,0,0,0,0,0,0,0,0,0,0,0,0,0,0
LOC101927722,0,0,0,0,0,0,0,0,0,0,0,0,0,0,0,0,0,0,0
ST13,0,0,0,0,0,0,0,0,0,0,0,0,0,0,0,0,0,0,0
DESI1,0,0,0,0,0,0,0,0,0,0,0,0,0,0,0,0,0,0,0
TEX33,0,0,0,0,0,0,0,0,0,0,0,0,0,0,0,0,0,0,0
LOC100506472,0,0,0,0,0,0,0,0,0,0,0,0,0,0,0,0,0,0,0
LRRC75B,0,0,0,0,0,0,0,0,0,0,0,0,0,0,0,0,0,0,0
LOC388882,0,0,0,0,0,0,0,0,0,0,0,0,0,0,0,0,0,0,0
ZBED4,0,0,0,0,0,0,0,0,0,0,0,0,0,0,0,0,0,0,0
LOC150381,0,0,0,0,0,0,0,0,0,0,0,0,0,0,0,0,0,0,0
FAM83F,0,0,0,0,0,0,0,0,0,0,0,0,0,0,0,0,0,0,0
XBP1,0,0,0,0,0,0,0,0,0,0,0,0,0,0,0,0,0,0,0
LOC339666,0,0,0,0,0,0,0,0,0,0,0,0,0,0,0,0,0,0,0
RAB36,0,0,0,0,0,0,0,0,0,0,0,0,0,0,0,0,0,0,0
BCL2L13,13298,13107,13231,12042,12309,13399,13420,12770,13041,12872,15118,14844,14697,14839,14312,15218,15003,15676,14244
UPK3A,0,0,0,0,0,0,0,0,0,0,0,0,0,0,0,0,0,0,0
POM121L8P,0,0,0,0,0,0,0,0,0,0,0,0,0,0,0,0,0,0,0
RPS19BP1,0,0,0,0,0,0,0,0,0,0,0,0,0,0,0,0,0,0,0
FOXRED2,0,0,0,0,0,0,0,0,0,0,0,0,0,0,0,0,0,0,0
C22orf15,0,0,0,0,0,0,0,0,0,0,0,0,0,0,0,0,0,0,0
TTLL12,0,0,0,0,0,0,0,0,0,0,0,0,0,0,0,0,0,0,0
SLC35E4,0,0,0,0,0,0,0,0,0,0,0,0,0,0,0,0,0,0,0
MIEF1,0,0,0,0,0,0,0,0,0,0,0,0,0,0,0,0,0,0,0
PLXNB2,0,0,0,0,0,0,0,0,0,0,0,0,0,0,0,0,0,0,0
PDGFB,0,0,0,0,0,0,0,0,0,0,0,0,0,0,0,0,0,0,0
PIM3,0,0,0,0,0,0,0,0,0,0,0,0,0,0,0,0,0,0,0
TMPRSS6,0,0,0,0,0,0,0,0,0,0,0,0,0,0,0,0,0,0,0
OGFRP1,0,0,0,0,0,0,0,0,0,0,0,0,0,0,0,0,0,0,0
GGT1,0,0,0,0,0,4,0,0,0,0,0,0,0,0,0,8,0,4,0
GGT5,0,0,0,0,0,0,0,0,0,0,0,0,0,0,0,0,0,0,0
HORMAD2,0,0,0,0,0,0,0,0,0,0,0,0,0,0,0,0,0,0,0
CLTCL1,3159,3117,3104,2765,2820,2830,3154,2902,2953,3087,1675,1750,1591,1618,1523,1669,1671,1373,1567
USP18,369,402,320,308,357,376,339,362,322,353,361,350,337,400,346,324,313,381,329
MOV10L1,0,0,0,0,0,0,0,0,0,0,0,0,0,0,0,0,0,0,0
SHANK3,0,0,0,0,0,0,0,0,0,0,0,0,0,0,0,0,0,0,0
SELM,0,0,0,0,0,0,0,0,0,0,0,0,0,0,0,0,0,0,0
LL22NC01-81G9.3,0,0,0,0,0,0,0,0,0,0,0,0,0,0,0,0,0,0,0
SELO,0,0,0,0,0,0,0,0,0,0,0,0,0,0,0,0,0,0,0
CABIN1,0,0,0,0,0,0,0,0,0,0,0,0,0,0,0,0,0,0,0
TAB1,0,0,0,0,0,0,0,0,0,0,0,0,0,0,0,0,0,0,0
C1QTNF6,0,0,0,0,0,0,0,0,0,0,0,0,0,0,0,0,0,0,0
ZDHHC8P1,0,0,0,0,0,0,0,0,0,0,0,0,0,0,0,0,0,0,0
DGCR11,1258,1278,1411,1051,1516,1304,1411,1393,1171,1340,1441,1339,1256,1289,1111,1304,1087,1421,1239
DGCR10,607,410,406,372,407,429,340,384,359,392,448,328,373,271,354,310,470,445,444
MLC1,0,0,0,0,0,0,0,0,0,0,0,0,0,0,0,0,0,0,0
DGCR14,4331,4245,4465,4375,4409,4516,4209,4319,4500,4559,4530,4617,4665,4487,4422,4882,4462,4562,4653
ATF4,0,0,0,0,0,0,0,0,0,0,0,0,0,0,0,0,0,0,0
TRMT2A,0,0,0,0,0,0,0,0,0,0,0,0,0,0,0,0,0,0,0
TBC1D10A,0,0,0,0,0,0,0,0,0,0,0,0,0,0,0,0,0,0,0
SEPT5-GP1BB,5318,6546,5291,6368,5562,5642,5655,5578,5342,5898,5060,5926,6086,6045,6178,5896,5433,5746,6233
